pokedex_number,name,type_1,type_2,total,hp,attack,defense,sp_atk,sp_def,speed,generation,is_legendary
1,Bulbasaur,grass,poison,318,45,49,49,65,65,45,1,0
2,Ivysaur,grass,poison,405,60,62,63,80,80,60,1,0
3,Venusaur,grass,poison,525,80,82,83,100,100,80,1,0
4,Charmander,fire,,309,39,52,43,60,50,65,1,0
5,Charmeleon,fire,,405,58,64,58,80,65,80,1,0
6,Charizard,fire,flying,534,78,84,78,109,85,100,1,0
7,Squirtle,water,,314,44,48,65,50,64,43,1,0
8,Wartortle,water,,405,59,63,80,65,80,58,1,0
9,Blastoise,water,,530,79,83,100,85,105,78,1,0
10,Caterpie,bug,,195,45,30,35,20,20,45,1,0
11,Metapod,bug,,205,50,20,55,25,25,30,1,0
12,Butterfree,bug,flying,395,60,45,50,90,80,70,1,0
13,Weedle,bug,poison,195,40,35,30,20,20,50,1,0
14,Kakuna,bug,poison,205,45,25,50,25,25,35,1,0
15,Beedrill,bug,poison,395,65,90,40,45,80,75,1,0
16,Pidgey,normal,flying,251,40,45,40,35,35,56,1,0
17,Pidgeotto,normal,flying,349,63,60,55,50,50,71,1,0
18,Pidgeot,normal,flying,479,83,80,75,70,70,101,1,0
19,Rattata,normal,dark,253,30,56,35,25,35,72,1,0
20,Raticate,normal,dark,413,55,81,60,50,70,97,1,0
21,Spearow,normal,flying,262,40,60,30,31,31,70,1,0
22,Fearow,normal,flying,442,65,90,65,61,61,100,1,0
23,Ekans,poison,,288,35,60,44,40,54,55,1,0
24,Arbok,poison,,448,60,95,69,65,79,80,1,0
25,Pikachu,electric,,320,35,55,40,50,50,90,1,0
26,Raichu,electric,electric,485,60,90,55,90,80,110,1,0
27,Sandshrew,ground,ice,300,50,75,85,20,30,40,1,0
28,Sandslash,ground,ice,450,75,100,110,45,55,65,1,0
29,Nidoran♀,poison,,275,55,47,52,40,40,41,1,0
30,Nidorina,poison,,365,70,62,67,55,55,56,1,0
31,Nidoqueen,poison,ground,505,90,92,87,75,85,76,1,0
32,Nidoran♂,poison,,273,46,57,40,40,40,50,1,0
33,Nidorino,poison,,365,61,72,57,55,55,65,1,0
34,Nidoking,poison,ground,505,81,102,77,85,75,85,1,0
35,Clefairy,fairy,,323,70,45,48,60,65,35,1,0
36,Clefable,fairy,,483,95,70,73,95,90,60,1,0
37,Vulpix,fire,ice,299,38,41,40,50,65,65,1,0
38,Ninetales,fire,ice,505,73,76,75,81,100,100,1,0
39,Jigglypuff,normal,fairy,270,115,45,20,45,25,20,1,0
40,Wigglytuff,normal,fairy,435,140,70,45,85,50,45,1,0
41,Zubat,poison,flying,245,40,45,35,30,40,55,1,0
42,Golbat,poison,flying,455,75,80,70,65,75,90,1,0
43,Oddish,grass,poison,320,45,50,55,75,65,30,1,0
44,Gloom,grass,poison,395,60,65,70,85,75,40,1,0
45,Vileplume,grass,poison,490,75,80,85,110,90,50,1,0
46,Paras,bug,grass,285,35,70,55,45,55,25,1,0
47,Parasect,bug,grass,405,60,95,80,60,80,30,1,0
48,Venonat,bug,poison,305,60,55,50,40,55,45,1,0
49,Venomoth,bug,poison,450,70,65,60,90,75,90,1,0
50,Diglett,ground,ground,265,10,55,25,35,45,95,1,0
51,Dugtrio,ground,ground,425,35,100,50,50,70,120,1,0
52,Meowth,normal,dark,290,40,45,35,40,40,90,1,0
53,Persian,normal,dark,440,65,70,60,65,65,115,1,0
54,Psyduck,water,,320,50,52,48,65,50,55,1,0
55,Golduck,water,,500,80,82,78,95,80,85,1,0
56,Mankey,fighting,,305,40,80,35,35,45,70,1,0
57,Primeape,fighting,,455,65,105,60,60,70,95,1,0
58,Growlithe,fire,,350,55,70,45,70,50,60,1,0
59,Arcanine,fire,,555,90,110,80,100,80,95,1,0
60,Poliwag,water,,300,40,50,40,40,40,90,1,0
61,Poliwhirl,water,,385,65,65,65,50,50,90,1,0
62,Poliwrath,water,fighting,510,90,95,95,70,90,70,1,0
63,Abra,psychic,,310,25,20,15,105,55,90,1,0
64,Kadabra,psychic,,400,40,35,30,120,70,105,1,0
65,Alakazam,psychic,,500,55,50,45,135,95,120,1,0
66,Machop,fighting,,305,70,80,50,35,35,35,1,0
67,Machoke,fighting,,405,80,100,70,50,60,45,1,0
68,Machamp,fighting,,505,90,130,80,65,85,55,1,0
69,Bellsprout,grass,poison,300,50,75,35,70,30,40,1,0
70,Weepinbell,grass,poison,390,65,90,50,85,45,55,1,0
71,Victreebel,grass,poison,490,80,105,65,100,70,70,1,0
72,Tentacool,water,poison,335,40,40,35,50,100,70,1,0
73,Tentacruel,water,poison,515,80,70,65,80,120,100,1,0
74,Geodude,rock,ground,300,40,80,100,30,30,20,1,0
75,Graveler,rock,ground,390,55,95,115,45,45,35,1,0
76,Golem,rock,ground,495,80,120,130,55,65,45,1,0
77,Ponyta,fire,psychic,410,50,85,55,65,65,90,1,0
78,Rapidash,fire,psychic,500,65,100,70,80,80,105,1,0
79,Slowpoke,water,psychic,315,90,65,65,40,40,15,1,0
80,Slowbro,water,psychic,490,95,75,110,100,80,30,1,0
81,Magnemite,electric,steel,325,25,35,70,95,55,45,1,0
82,Magneton,electric,steel,465,50,60,95,120,70,70,1,0
83,Farfetch'd,normal,flying,377,52,90,55,58,62,60,1,0
84,Doduo,normal,flying,310,35,85,45,35,35,75,1,0
85,Dodrio,normal,flying,470,60,110,70,60,60,110,1,0
86,Seel,water,,325,65,45,55,45,70,45,1,0
87,Dewgong,water,ice,475,90,70,80,70,95,70,1,0
88,Grimer,poison,poison,325,80,80,50,40,50,25,1,0
89,Muk,poison,poison,500,105,105,75,65,100,50,1,0
90,Shellder,water,,305,30,65,100,45,25,40,1,0
91,Cloyster,water,ice,525,50,95,180,85,45,70,1,0
92,Gastly,ghost,poison,310,30,35,30,100,35,80,1,0
93,Haunter,ghost,poison,405,45,50,45,115,55,95,1,0
94,Gengar,ghost,poison,500,60,65,60,130,75,110,1,0
95,Onix,rock,ground,385,35,45,160,30,45,70,1,0
96,Drowzee,psychic,,328,60,48,45,43,90,42,1,0
97,Hypno,psychic,,483,85,73,70,73,115,67,1,0
98,Krabby,water,,325,30,105,90,25,25,50,1,0
99,Kingler,water,,475,55,130,115,50,50,75,1,0
100,Voltorb,electric,,330,40,30,50,55,55,100,1,0
101,Electrode,electric,,490,60,50,70,80,80,150,1,0
102,Exeggcute,grass,psychic,325,60,40,80,60,45,40,1,0
103,Exeggutor,grass,psychic,530,95,95,85,125,75,55,1,0
104,Cubone,ground,,320,50,50,95,40,50,35,1,0
105,Marowak,ground,fire,425,60,80,110,50,80,45,1,0
106,Hitmonlee,fighting,,455,50,120,53,35,110,87,1,0
107,Hitmonchan,fighting,,455,50,105,79,35,110,76,1,0
108,Lickitung,normal,,385,90,55,75,60,75,30,1,0
109,Koffing,poison,,340,40,65,95,60,45,35,1,0
110,Weezing,poison,poison,490,65,90,120,85,70,60,1,0
111,Rhyhorn,ground,rock,345,80,85,95,30,30,25,1,0
112,Rhydon,ground,rock,485,105,130,120,45,45,40,1,0
113,Chansey,normal,,450,250,5,5,35,105,50,1,0
114,Tangela,grass,,435,65,55,115,100,40,60,1,0
115,Kangaskhan,normal,,490,105,95,80,40,80,90,1,0
116,Horsea,water,,295,30,40,70,70,25,60,1,0
117,Seadra,water,,440,55,65,95,95,45,85,1,0
118,Goldeen,water,,320,45,67,60,35,50,63,1,0
119,Seaking,water,,450,80,92,65,65,80,68,1,0
120,Staryu,water,,340,30,45,55,70,55,85,1,0
121,Starmie,water,psychic,520,60,75,85,100,85,115,1,0
122,Mr. Mime,psychic,fairy,460,40,45,65,100,120,90,1,0
123,Scyther,bug,flying,500,70,110,80,55,80,105,1,0
124,Jynx,ice,psychic,455,65,50,35,115,95,95,1,0
125,Electabuzz,electric,,490,65,83,57,95,85,105,1,0
126,Magmar,fire,,495,65,95,57,100,85,93,1,0
127,Pinsir,bug,,500,65,125,100,55,70,85,1,0
128,Tauros,normal,,490,75,100,95,40,70,110,1,0
129,Magikarp,water,,200,20,10,55,15,20,80,1,0
130,Gyarados,water,flying,540,95,125,79,60,100,81,1,0
131,Lapras,water,ice,535,130,85,80,85,95,60,1,0
132,Ditto,normal,,288,48,48,48,48,48,48,1,0
133,Eevee,normal,,325,55,55,50,45,65,55,1,0
134,Vaporeon,water,,525,130,65,60,110,95,65,1,0
135,Jolteon,electric,,525,65,65,60,110,95,130,1,0
136,Flareon,fire,,525,65,130,60,95,110,65,1,0
137,Porygon,normal,,395,65,60,70,85,75,40,1,0
138,Omanyte,rock,water,355,35,40,100,90,55,35,1,0
139,Omastar,rock,water,495,70,60,125,115,70,55,1,0
140,Kabuto,rock,water,355,30,80,90,55,45,55,1,0
141,Kabutops,rock,water,495,60,115,105,65,70,80,1,0
142,Aerodactyl,rock,flying,515,80,105,65,60,75,130,1,0
143,Snorlax,normal,,540,160,110,65,65,110,30,1,0
144,Articuno,ice,flying,580,90,85,100,95,125,85,1,1
145,Zapdos,electric,flying,580,90,90,85,125,90,100,1,1
146,Moltres,fire,flying,580,90,100,90,125,85,90,1,1
147,Dratini,dragon,,300,41,64,45,50,50,50,1,0
148,Dragonair,dragon,,420,61,84,65,70,70,70,1,0
149,Dragonite,dragon,flying,600,91,134,95,100,100,80,1,0
150,Mewtwo,psychic,,680,106,110,90,154,90,130,1,0
151,Mew,psychic,,600,100,100,100,100,100,100,1,0
152,Chikorita,grass,,318,45,49,65,49,65,45,2,0
153,Bayleef,grass,,405,60,62,80,63,80,60,2,0
154,Meganium,grass,,525,80,82,100,83,100,80,2,0
155,Cyndaquil,fire,,309,39,52,43,60,50,65,2,0
156,Quilava,fire,,405,58,64,58,80,65,80,2,0
157,Typhlosion,fire,,534,78,84,78,109,85,100,2,0
158,Totodile,water,,314,50,65,64,44,48,43,2,0
159,Croconaw,water,,405,65,80,80,59,63,58,2,0
160,Feraligatr,water,,530,85,105,100,79,83,78,2,0
161,Sentret,normal,,215,35,46,34,35,45,20,2,0
162,Furret,normal,,415,85,76,64,45,55,90,2,0
163,Hoothoot,normal,flying,262,60,30,30,36,56,50,2,0
164,Noctowl,normal,flying,452,100,50,50,86,96,70,2,0
165,Ledyba,bug,flying,265,40,20,30,40,80,55,2,0
166,Ledian,bug,flying,390,55,35,50,55,110,85,2,0
167,Spinarak,bug,poison,250,40,60,40,40,40,30,2,0
168,Ariados,bug,poison,400,70,90,70,60,70,40,2,0
169,Crobat,poison,flying,535,85,90,80,70,80,130,2,0
170,Chinchou,water,electric,330,75,38,38,56,56,67,2,0
171,Lanturn,water,electric,460,125,58,58,76,76,67,2,0
172,Pichu,electric,,205,20,40,15,35,35,60,2,0
173,Cleffa,fairy,,218,50,25,28,45,55,15,2,0
174,Igglybuff,normal,fairy,210,90,30,15,40,20,15,2,0
175,Togepi,fairy,,245,35,20,65,40,65,20,2,0
176,Togetic,fairy,flying,405,55,40,85,80,105,40,2,0
177,Natu,psychic,flying,320,40,50,45,70,45,70,2,0
178,Xatu,psychic,flying,470,65,75,70,95,70,95,2,0
179,Mareep,electric,,280,55,40,40,65,45,35,2,0
180,Flaaffy,electric,,365,70,55,55,80,60,45,2,0
181,Ampharos,electric,,510,90,75,85,115,90,55,2,0
182,Bellossom,grass,,490,75,80,95,90,100,50,2,0
183,Marill,water,fairy,250,70,20,50,20,50,40,2,0
184,Azumarill,water,fairy,420,100,50,80,60,80,50,2,0
185,Sudowoodo,rock,,410,70,100,115,30,65,30,2,0
186,Politoed,water,,500,90,75,75,90,100,70,2,0
187,Hoppip,grass,flying,250,35,35,40,35,55,50,2,0
188,Skiploom,grass,flying,340,55,45,50,45,65,80,2,0
189,Jumpluff,grass,flying,460,75,55,70,55,95,110,2,0
190,Aipom,normal,,360,55,70,55,40,55,85,2,0
191,Sunkern,grass,,180,30,30,30,30,30,30,2,0
192,Sunflora,grass,,425,75,75,55,105,85,30,2,0
193,Yanma,bug,flying,390,65,65,45,75,45,95,2,0
194,Wooper,water,ground,210,55,45,45,25,25,15,2,0
195,Quagsire,water,ground,430,95,85,85,65,65,35,2,0
196,Espeon,psychic,,525,65,65,60,130,95,110,2,0
197,Umbreon,dark,,525,95,65,110,60,130,65,2,0
198,Murkrow,dark,flying,405,60,85,42,85,42,91,2,0
199,Slowking,water,psychic,490,95,75,80,100,110,30,2,0
200,Misdreavus,ghost,,435,60,60,60,85,85,85,2,0
201,Unown,psychic,,336,48,72,48,72,48,48,2,0
202,Wobbuffet,psychic,,405,190,33,58,33,58,33,2,0
203,Girafarig,normal,psychic,455,70,80,65,90,65,85,2,0
204,Pineco,bug,,290,50,65,90,35,35,15,2,0
205,Forretress,bug,steel,465,75,90,140,60,60,40,2,0
206,Dunsparce,normal,,415,100,70,70,65,65,45,2,0
207,Gligar,ground,flying,430,65,75,105,35,65,85,2,0
208,Steelix,steel,ground,510,75,85,200,55,65,30,2,0
209,Snubbull,fairy,,300,60,80,50,40,40,30,2,0
210,Granbull,fairy,,450,90,120,75,60,60,45,2,0
211,Qwilfish,water,poison,440,65,95,85,55,55,85,2,0
212,Scizor,bug,steel,500,70,130,100,55,80,65,2,0
213,Shuckle,bug,rock,505,20,10,230,10,230,5,2,0
214,Heracross,bug,fighting,500,80,125,75,40,95,85,2,0
215,Sneasel,dark,ice,430,55,95,55,35,75,115,2,0
216,Teddiursa,normal,,330,60,80,50,50,50,40,2,0
217,Ursaring,normal,,500,90,130,75,75,75,55,2,0
218,Slugma,fire,,250,40,40,40,70,40,20,2,0
219,Magcargo,fire,rock,430,60,50,120,90,80,30,2,0
220,Swinub,ice,ground,250,50,50,40,30,30,50,2,0
221,Piloswine,ice,ground,450,100,100,80,60,60,50,2,0
222,Corsola,water,rock,410,65,55,95,65,95,35,2,0
223,Remoraid,water,,300,35,65,35,65,35,65,2,0
224,Octillery,water,,480,75,105,75,105,75,45,2,0
225,Delibird,ice,flying,330,45,55,45,65,45,75,2,0
226,Mantine,water,flying,485,85,40,70,80,140,70,2,0
227,Skarmory,steel,flying,465,65,80,140,40,70,70,2,0
228,Houndour,dark,fire,330,45,60,30,80,50,65,2,0
229,Houndoom,dark,fire,500,75,90,50,110,80,95,2,0
230,Kingdra,water,dragon,540,75,95,95,95,95,85,2,0
231,Phanpy,ground,,330,90,60,60,40,40,40,2,0
232,Donphan,ground,,500,90,120,120,60,60,50,2,0
233,Porygon2,normal,,515,85,80,90,105,95,60,2,0
234,Stantler,normal,,465,73,95,62,85,65,85,2,0
235,Smeargle,normal,,250,55,20,35,20,45,75,2,0
236,Tyrogue,fighting,,210,35,35,35,35,35,35,2,0
237,Hitmontop,fighting,,455,50,95,95,35,110,70,2,0
238,Smoochum,ice,psychic,305,45,30,15,85,65,65,2,0
239,Elekid,electric,,360,45,63,37,65,55,95,2,0
240,Magby,fire,,365,45,75,37,70,55,83,2,0
241,Miltank,normal,,490,95,80,105,40,70,100,2,0
242,Blissey,normal,,540,255,10,10,75,135,55,2,0
243,Raikou,electric,,580,90,85,75,115,100,115,2,1
244,Entei,fire,,580,115,115,85,90,75,100,2,1
245,Suicune,water,,580,100,75,115,90,115,85,2,1
246,Larvitar,rock,ground,300,50,64,50,45,50,41,2,0
247,Pupitar,rock,ground,410,70,84,70,65,70,51,2,0
248,Tyranitar,rock,dark,600,100,134,110,95,100,61,2,0
249,Lugia,psychic,flying,680,106,90,130,90,154,110,2,0
250,Ho-Oh,fire,flying,680,106,130,90,110,154,90,2,0
251,Celebi,psychic,grass,600,100,100,100,100,100,100,2,0
252,Treecko,grass,,310,40,45,35,65,55,70,3,0
253,Grovyle,grass,,405,50,65,45,85,65,95,3,0
254,Sceptile,grass,,530,70,85,65,105,85,120,3,0
255,Torchic,fire,,310,45,60,40,70,50,45,3,0
256,Combusken,fire,fighting,405,60,85,60,85,60,55,3,0
257,Blaziken,fire,fighting,530,80,120,70,110,70,80,3,0
258,Mudkip,water,,310,50,70,50,50,50,40,3,0
259,Marshtomp,water,ground,405,70,85,70,60,70,50,3,0
260,Swampert,water,ground,535,100,110,90,85,90,60,3,0
261,Poochyena,dark,,220,35,55,35,30,30,35,3,0
262,Mightyena,dark,,420,70,90,70,60,60,70,3,0
263,Zigzagoon,normal,dark,240,38,30,41,30,41,60,3,0
264,Linoone,normal,dark,420,78,70,61,50,61,100,3,0
265,Wurmple,bug,,195,45,45,35,20,30,20,3,0
266,Silcoon,bug,,205,50,35,55,25,25,15,3,0
267,Beautifly,bug,flying,395,60,70,50,100,50,65,3,0
268,Cascoon,bug,,205,50,35,55,25,25,15,3,0
269,Dustox,bug,poison,385,60,50,70,50,90,65,3,0
270,Lotad,water,grass,220,40,30,30,40,50,30,3,0
271,Lombre,water,grass,340,60,50,50,60,70,50,3,0
272,Ludicolo,water,grass,480,80,70,70,90,100,70,3,0
273,Seedot,grass,,220,40,40,50,30,30,30,3,0
274,Nuzleaf,grass,dark,340,70,70,40,60,40,60,3,0
275,Shiftry,grass,dark,480,90,100,60,90,60,80,3,0
276,Taillow,normal,flying,270,40,55,30,30,30,85,3,0
277,Swellow,normal,flying,455,60,85,60,75,50,125,3,0
278,Wingull,water,flying,270,40,30,30,55,30,85,3,0
279,Pelipper,water,flying,440,60,50,100,95,70,65,3,0
280,Ralts,psychic,fairy,198,28,25,25,45,35,40,3,0
281,Kirlia,psychic,fairy,278,38,35,35,65,55,50,3,0
282,Gardevoir,psychic,fairy,518,68,65,65,125,115,80,3,0
283,Surskit,bug,water,269,40,30,32,50,52,65,3,0
284,Masquerain,bug,flying,454,70,60,62,100,82,80,3,0
285,Shroomish,grass,,295,60,40,60,40,60,35,3,0
286,Breloom,grass,fighting,460,60,130,80,60,60,70,3,0
287,Slakoth,normal,,280,60,60,60,35,35,30,3,0
288,Vigoroth,normal,,440,80,80,80,55,55,90,3,0
289,Slaking,normal,,670,150,160,100,95,65,100,3,0
290,Nincada,bug,ground,266,31,45,90,30,30,40,3,0
291,Ninjask,bug,flying,456,61,90,45,50,50,160,3,0
292,Shedinja,bug,ghost,236,1,90,45,30,30,40,3,0
293,Whismur,normal,,240,64,51,23,51,23,28,3,0
294,Loudred,normal,,360,84,71,43,71,43,48,3,0
295,Exploud,normal,,490,104,91,63,91,73,68,3,0
296,Makuhita,fighting,,237,72,60,30,20,30,25,3,0
297,Hariyama,fighting,,474,144,120,60,40,60,50,3,0
298,Azurill,normal,fairy,190,50,20,40,20,40,20,3,0
299,Nosepass,rock,,375,30,45,135,45,90,30,3,0
300,Skitty,normal,,260,50,45,45,35,35,50,3,0
301,Delcatty,normal,,400,70,65,65,55,55,90,3,0
302,Sableye,dark,ghost,380,50,75,75,65,65,50,3,0
303,Mawile,steel,fairy,380,50,85,85,55,55,50,3,0
304,Aron,steel,rock,330,50,70,100,40,40,30,3,0
305,Lairon,steel,rock,430,60,90,140,50,50,40,3,0
306,Aggron,steel,rock,530,70,110,180,60,60,50,3,0
307,Meditite,fighting,psychic,280,30,40,55,40,55,60,3,0
308,Medicham,fighting,psychic,410,60,60,75,60,75,80,3,0
309,Electrike,electric,,295,40,45,40,65,40,65,3,0
310,Manectric,electric,,475,70,75,60,105,60,105,3,0
311,Plusle,electric,,405,60,50,40,85,75,95,3,0
312,Minun,electric,,405,60,40,50,75,85,95,3,0
313,Volbeat,bug,,430,65,73,75,47,85,85,3,0
314,Illumise,bug,,430,65,47,75,73,85,85,3,0
315,Roselia,grass,poison,400,50,60,45,100,80,65,3,0
316,Gulpin,poison,,302,70,43,53,43,53,40,3,0
317,Swalot,poison,,467,100,73,83,73,83,55,3,0
318,Carvanha,water,dark,305,45,90,20,65,20,65,3,0
319,Sharpedo,water,dark,460,70,120,40,95,40,95,3,0
320,Wailmer,water,,400,130,70,35,70,35,60,3,0
321,Wailord,water,,500,170,90,45,90,45,60,3,0
322,Numel,fire,ground,305,60,60,40,65,45,35,3,0
323,Camerupt,fire,ground,460,70,100,70,105,75,40,3,0
324,Torkoal,fire,,470,70,85,140,85,70,20,3,0
325,Spoink,psychic,,330,60,25,35,70,80,60,3,0
326,Grumpig,psychic,,470,80,45,65,90,110,80,3,0
327,Spinda,normal,,360,60,60,60,60,60,60,3,0
328,Trapinch,ground,,290,45,100,45,45,45,10,3,0
329,Vibrava,ground,dragon,340,50,70,50,50,50,70,3,0
330,Flygon,ground,dragon,520,80,100,80,80,80,100,3,0
331,Cacnea,grass,,335,50,85,40,85,40,35,3,0
332,Cacturne,grass,dark,475,70,115,60,115,60,55,3,0
333,Swablu,normal,flying,310,45,40,60,40,75,50,3,0
334,Altaria,dragon,flying,490,75,70,90,70,105,80,3,0
335,Zangoose,normal,,458,73,115,60,60,60,90,3,0
336,Seviper,poison,,458,73,100,60,100,60,65,3,0
337,Lunatone,rock,psychic,460,90,55,65,95,85,70,3,0
338,Solrock,rock,psychic,460,90,95,85,55,65,70,3,0
339,Barboach,water,ground,288,50,48,43,46,41,60,3,0
340,Whiscash,water,ground,468,110,78,73,76,71,60,3,0
341,Corphish,water,,308,43,80,65,50,35,35,3,0
342,Crawdaunt,water,dark,468,63,120,85,90,55,55,3,0
343,Baltoy,ground,psychic,300,40,40,55,40,70,55,3,0
344,Claydol,ground,psychic,500,60,70,105,70,120,75,3,0
345,Lileep,rock,grass,355,66,41,77,61,87,23,3,0
346,Cradily,rock,grass,495,86,81,97,81,107,43,3,0
347,Anorith,rock,bug,355,45,95,50,40,50,75,3,0
348,Armaldo,rock,bug,495,75,125,100,70,80,45,3,0
349,Feebas,water,,200,20,15,20,10,55,80,3,0
350,Milotic,water,,540,95,60,79,100,125,81,3,0
351,Castform,normal,fire,420,70,70,70,70,70,70,3,0
352,Kecleon,normal,,440,60,90,70,60,120,40,3,0
353,Shuppet,ghost,,295,44,75,35,63,33,45,3,0
354,Banette,ghost,,455,64,115,65,83,63,65,3,0
355,Duskull,ghost,,295,20,40,90,30,90,25,3,0
356,Dusclops,ghost,,455,40,70,130,60,130,25,3,0
357,Tropius,grass,flying,460,99,68,83,72,87,51,3,0
358,Chimecho,psychic,,455,75,50,80,95,90,65,3,0
359,Absol,dark,,465,65,130,60,75,60,75,3,0
360,Wynaut,psychic,,260,95,23,48,23,48,23,3,0
361,Snorunt,ice,,300,50,50,50,50,50,50,3,0
362,Glalie,ice,,480,80,80,80,80,80,80,3,0
363,Spheal,ice,water,290,70,40,50,55,50,25,3,0
364,Sealeo,ice,water,410,90,60,70,75,70,45,3,0
365,Walrein,ice,water,530,110,80,90,95,90,65,3,0
366,Clamperl,water,,345,35,64,85,74,55,32,3,0
367,Huntail,water,,485,55,104,105,94,75,52,3,0
368,Gorebyss,water,,485,55,84,105,114,75,52,3,0
369,Relicanth,water,rock,485,100,90,130,45,65,55,3,0
370,Luvdisc,water,,330,43,30,55,40,65,97,3,0
371,Bagon,dragon,,300,45,75,60,40,30,50,3,0
372,Shelgon,dragon,,420,65,95,100,60,50,50,3,0
373,Salamence,dragon,flying,600,95,135,80,110,80,100,3,0
374,Beldum,steel,psychic,300,40,55,80,35,60,30,3,0
375,Metang,steel,psychic,420,60,75,100,55,80,50,3,0
376,Metagross,steel,psychic,600,80,135,130,95,90,70,3,0
377,Regirock,rock,,580,80,100,200,50,100,50,3,1
378,Regice,ice,,580,80,50,100,100,200,50,3,1
379,Registeel,steel,,580,80,75,150,75,150,50,3,1
380,Latias,dragon,psychic,600,80,80,90,110,130,110,3,1
381,Latios,dragon,psychic,600,80,90,80,130,110,110,3,1
382,Kyogre,water,,670,100,100,90,150,140,90,3,0
383,Groudon,ground,,670,100,150,140,100,90,90,3,0
384,Rayquaza,dragon,flying,680,105,150,90,150,90,95,3,0
385,Jirachi,steel,psychic,600,100,100,100,100,100,100,3,0
386,Deoxys,psychic,,600,50,150,50,150,50,150,3,0
387,Turtwig,grass,,318,55,68,64,45,55,31,4,0
388,Grotle,grass,,405,75,89,85,55,65,36,4,0
389,Torterra,grass,ground,525,95,109,105,75,85,56,4,0
390,Chimchar,fire,,309,44,58,44,58,44,61,4,0
391,Monferno,fire,fighting,405,64,78,52,78,52,81,4,0
392,Infernape,fire,fighting,534,76,104,71,104,71,108,4,0
393,Piplup,water,,314,53,51,53,61,56,40,4,0
394,Prinplup,water,,405,64,66,68,81,76,50,4,0
395,Empoleon,water,steel,530,84,86,88,111,101,60,4,0
396,Starly,normal,flying,245,40,55,30,30,30,60,4,0
397,Staravia,normal,flying,340,55,75,50,40,40,80,4,0
398,Staraptor,normal,flying,485,85,120,70,50,60,100,4,0
399,Bidoof,normal,,250,59,45,40,35,40,31,4,0
400,Bibarel,normal,water,410,79,85,60,55,60,71,4,0
401,Kricketot,bug,,194,37,25,41,25,41,25,4,0
402,Kricketune,bug,,384,77,85,51,55,51,65,4,0
403,Shinx,electric,,263,45,65,34,40,34,45,4,0
404,Luxio,electric,,363,60,85,49,60,49,60,4,0
405,Luxray,electric,,523,80,120,79,95,79,70,4,0
406,Budew,grass,poison,280,40,30,35,50,70,55,4,0
407,Roserade,grass,poison,515,60,70,65,125,105,90,4,0
408,Cranidos,rock,,350,67,125,40,30,30,58,4,0
409,Rampardos,rock,,495,97,165,60,65,50,58,4,0
410,Shieldon,rock,steel,350,30,42,118,42,88,30,4,0
411,Bastiodon,rock,steel,495,60,52,168,47,138,30,4,0
412,Burmy,bug,,224,40,29,45,29,45,36,4,0
413,Wormadam,bug,grass,424,60,59,85,79,105,36,4,0
414,Mothim,bug,flying,424,70,94,50,94,50,66,4,0
415,Combee,bug,flying,244,30,30,42,30,42,70,4,0
416,Vespiquen,bug,flying,474,70,80,102,80,102,40,4,0
417,Pachirisu,electric,,405,60,45,70,45,90,95,4,0
418,Buizel,water,,330,55,65,35,60,30,85,4,0
419,Floatzel,water,,495,85,105,55,85,50,115,4,0
420,Cherubi,grass,,275,45,35,45,62,53,35,4,0
421,Cherrim,grass,,450,70,60,70,87,78,85,4,0
422,Shellos,water,,325,76,48,48,57,62,34,4,0
423,Gastrodon,water,ground,475,111,83,68,92,82,39,4,0
424,Ambipom,normal,,482,75,100,66,60,66,115,4,0
425,Drifloon,ghost,flying,348,90,50,34,60,44,70,4,0
426,Drifblim,ghost,flying,498,150,80,44,90,54,80,4,0
427,Buneary,normal,,350,55,66,44,44,56,85,4,0
428,Lopunny,normal,,480,65,76,84,54,96,105,4,0
429,Mismagius,ghost,,495,60,60,60,105,105,105,4,0
430,Honchkrow,dark,flying,505,100,125,52,105,52,71,4,0
431,Glameow,normal,,310,49,55,42,42,37,85,4,0
432,Purugly,normal,,452,71,82,64,64,59,112,4,0
433,Chingling,psychic,,285,45,30,50,65,50,45,4,0
434,Stunky,poison,dark,329,63,63,47,41,41,74,4,0
435,Skuntank,poison,dark,479,103,93,67,71,61,84,4,0
436,Bronzor,steel,psychic,300,57,24,86,24,86,23,4,0
437,Bronzong,steel,psychic,500,67,89,116,79,116,33,4,0
438,Bonsly,rock,,290,50,80,95,10,45,10,4,0
439,Mime Jr.,psychic,fairy,310,20,25,45,70,90,60,4,0
440,Happiny,normal,,220,100,5,5,15,65,30,4,0
441,Chatot,normal,flying,411,76,65,45,92,42,91,4,0
442,Spiritomb,ghost,dark,485,50,92,108,92,108,35,4,0
443,Gible,dragon,ground,300,58,70,45,40,45,42,4,0
444,Gabite,dragon,ground,410,68,90,65,50,55,82,4,0
445,Garchomp,dragon,ground,600,108,130,95,80,85,102,4,0
446,Munchlax,normal,,390,135,85,40,40,85,5,4,0
447,Riolu,fighting,,285,40,70,40,35,40,60,4,0
448,Lucario,fighting,steel,525,70,110,70,115,70,90,4,0
449,Hippopotas,ground,,330,68,72,78,38,42,32,4,0
450,Hippowdon,ground,,525,108,112,118,68,72,47,4,0
451,Skorupi,poison,bug,330,40,50,90,30,55,65,4,0
452,Drapion,poison,dark,500,70,90,110,60,75,95,4,0
453,Croagunk,poison,fighting,300,48,61,40,61,40,50,4,0
454,Toxicroak,poison,fighting,490,83,106,65,86,65,85,4,0
455,Carnivine,grass,,454,74,100,72,90,72,46,4,0
456,Finneon,water,,330,49,49,56,49,61,66,4,0
457,Lumineon,water,,460,69,69,76,69,86,91,4,0
458,Mantyke,water,flying,345,45,20,50,60,120,50,4,0
459,Snover,grass,ice,334,60,62,50,62,60,40,4,0
460,Abomasnow,grass,ice,494,90,92,75,92,85,60,4,0
461,Weavile,dark,ice,510,70,120,65,45,85,125,4,0
462,Magnezone,electric,steel,535,70,70,115,130,90,60,4,0
463,Lickilicky,normal,,515,110,85,95,80,95,50,4,0
464,Rhyperior,ground,rock,535,115,140,130,55,55,40,4,0
465,Tangrowth,grass,,535,100,100,125,110,50,50,4,0
466,Electivire,electric,,540,75,123,67,95,85,95,4,0
467,Magmortar,fire,,540,75,95,67,125,95,83,4,0
468,Togekiss,fairy,flying,545,85,50,95,120,115,80,4,0
469,Yanmega,bug,flying,515,86,76,86,116,56,95,4,0
470,Leafeon,grass,,525,65,110,130,60,65,95,4,0
471,Glaceon,ice,,525,65,60,110,130,95,65,4,0
472,Gliscor,ground,flying,510,75,95,125,45,75,95,4,0
473,Mamoswine,ice,ground,530,110,130,80,70,60,80,4,0
474,Porygon-Z,normal,,535,85,80,70,135,75,90,4,0
475,Gallade,psychic,fighting,518,68,125,65,65,115,80,4,0
476,Probopass,rock,steel,525,60,55,145,75,150,40,4,0
477,Dusknoir,ghost,,525,45,100,135,65,135,45,4,0
478,Froslass,ice,ghost,480,70,80,70,80,70,110,4,0
479,Rotom,electric,ghost,440,50,50,77,95,77,91,4,0
480,Uxie,psychic,,580,75,75,130,75,130,95,4,1
481,Mesprit,psychic,,580,80,105,105,105,105,80,4,1
482,Azelf,psychic,,580,75,125,70,125,70,115,4,1
483,Dialga,steel,dragon,680,100,120,120,150,100,90,4,0
484,Palkia,water,dragon,680,90,120,100,150,120,100,4,0
485,Heatran,fire,steel,600,91,90,106,130,106,77,4,1
486,Regigigas,normal,,670,110,160,110,80,110,100,4,1
487,Giratina,ghost,dragon,680,150,100,120,100,120,90,4,0
488,Cresselia,psychic,,600,120,70,120,75,130,85,4,1
489,Phione,water,,480,80,80,80,80,80,80,4,0
490,Manaphy,water,,600,100,100,100,100,100,100,4,0
491,Darkrai,dark,,600,70,90,90,135,90,125,4,0
492,Shaymin,grass,grass,600,100,100,100,100,100,100,4,0
493,Arceus,normal,,720,120,120,120,120,120,120,4,0
494,Victini,psychic,fire,600,100,100,100,100,100,100,5,0
495,Snivy,grass,,308,45,45,55,45,55,63,5,0
496,Servine,grass,,413,60,60,75,60,75,83,5,0
497,Serperior,grass,,528,75,75,95,75,95,113,5,0
498,Tepig,fire,,308,65,63,45,45,45,45,5,0
499,Pignite,fire,fighting,418,90,93,55,70,55,55,5,0
500,Emboar,fire,fighting,528,110,123,65,100,65,65,5,0
501,Oshawott,water,,308,55,55,45,63,45,45,5,0
502,Dewott,water,,413,75,75,60,83,60,60,5,0
503,Samurott,water,,528,95,100,85,108,70,70,5,0
504,Patrat,normal,,255,45,55,39,35,39,42,5,0
505,Watchog,normal,,420,60,85,69,60,69,77,5,0
506,Lillipup,normal,,275,45,60,45,25,45,55,5,0
507,Herdier,normal,,370,65,80,65,35,65,60,5,0
508,Stoutland,normal,,500,85,110,90,45,90,80,5,0
509,Purrloin,dark,,281,41,50,37,50,37,66,5,0
510,Liepard,dark,,446,64,88,50,88,50,106,5,0
511,Pansage,grass,,316,50,53,48,53,48,64,5,0
512,Simisage,grass,,498,75,98,63,98,63,101,5,0
513,Pansear,fire,,316,50,53,48,53,48,64,5,0
514,Simisear,fire,,498,75,98,63,98,63,101,5,0
515,Panpour,water,,316,50,53,48,53,48,64,5,0
516,Simipour,water,,498,75,98,63,98,63,101,5,0
517,Munna,psychic,,292,76,25,45,67,55,24,5,0
518,Musharna,psychic,,487,116,55,85,107,95,29,5,0
519,Pidove,normal,flying,264,50,55,50,36,30,43,5,0
520,Tranquill,normal,flying,358,62,77,62,50,42,65,5,0
521,Unfezant,normal,flying,488,80,115,80,65,55,93,5,0
522,Blitzle,electric,,295,45,60,32,50,32,76,5,0
523,Zebstrika,electric,,497,75,100,63,80,63,116,5,0
524,Roggenrola,rock,,280,55,75,85,25,25,15,5,0
525,Boldore,rock,,390,70,105,105,50,40,20,5,0
526,Gigalith,rock,,515,85,135,130,60,80,25,5,0
527,Woobat,psychic,flying,323,65,45,43,55,43,72,5,0
528,Swoobat,psychic,flying,425,67,57,55,77,55,114,5,0
529,Drilbur,ground,,328,60,85,40,30,45,68,5,0
530,Excadrill,ground,steel,508,110,135,60,50,65,88,5,0
531,Audino,normal,,445,103,60,86,60,86,50,5,0
532,Timburr,fighting,,305,75,80,55,25,35,35,5,0
533,Gurdurr,fighting,,405,85,105,85,40,50,40,5,0
534,Conkeldurr,fighting,,505,105,140,95,55,65,45,5,0
535,Tympole,water,,294,50,50,40,50,40,64,5,0
536,Palpitoad,water,ground,384,75,65,55,65,55,69,5,0
537,Seismitoad,water,ground,509,105,95,75,85,75,74,5,0
538,Throh,fighting,,465,120,100,85,30,85,45,5,0
539,Sawk,fighting,,465,75,125,75,30,75,85,5,0
540,Sewaddle,bug,grass,310,45,53,70,40,60,42,5,0
541,Swadloon,bug,grass,380,55,63,90,50,80,42,5,0
542,Leavanny,bug,grass,500,75,103,80,70,80,92,5,0
543,Venipede,bug,poison,260,30,45,59,30,39,57,5,0
544,Whirlipede,bug,poison,360,40,55,99,40,79,47,5,0
545,Scolipede,bug,poison,485,60,100,89,55,69,112,5,0
546,Cottonee,grass,fairy,280,40,27,60,37,50,66,5,0
547,Whimsicott,grass,fairy,480,60,67,85,77,75,116,5,0
548,Petilil,grass,,280,45,35,50,70,50,30,5,0
549,Lilligant,grass,,480,70,60,75,110,75,90,5,0
550,Basculin,water,,460,70,92,65,80,55,98,5,0
551,Sandile,ground,dark,292,50,72,35,35,35,65,5,0
552,Krokorok,ground,dark,351,60,82,45,45,45,74,5,0
553,Krookodile,ground,dark,519,95,117,80,65,70,92,5,0
554,Darumaka,fire,ice,315,70,90,45,15,45,50,5,0
555,Darmanitan,fire,fire,480,105,140,55,30,55,95,5,0
556,Maractus,grass,,461,75,86,67,106,67,60,5,0
557,Dwebble,bug,rock,325,50,65,85,35,35,55,5,0
558,Crustle,bug,rock,485,70,105,125,65,75,45,5,0
559,Scraggy,dark,fighting,348,50,75,70,35,70,48,5,0
560,Scrafty,dark,fighting,488,65,90,115,45,115,58,5,0
561,Sigilyph,psychic,flying,490,72,58,80,103,80,97,5,0
562,Yamask,ghost,ground,303,38,30,85,55,65,30,5,0
563,Cofagrigus,ghost,,483,58,50,145,95,105,30,5,0
564,Tirtouga,water,rock,355,54,78,103,53,45,22,5,0
565,Carracosta,water,rock,495,74,108,133,83,65,32,5,0
566,Archen,rock,flying,401,55,112,45,74,45,70,5,0
567,Archeops,rock,flying,567,75,140,65,112,65,110,5,0
568,Trubbish,poison,,329,50,50,62,40,62,65,5,0
569,Garbodor,poison,,474,80,95,82,60,82,75,5,0
570,Zorua,dark,,330,40,65,40,80,40,65,5,0
571,Zoroark,dark,,510,60,105,60,120,60,105,5,0
572,Minccino,normal,,300,55,50,40,40,40,75,5,0
573,Cinccino,normal,,470,75,95,60,65,60,115,5,0
574,Gothita,psychic,,290,45,30,50,55,65,45,5,0
575,Gothorita,psychic,,390,60,45,70,75,85,55,5,0
576,Gothitelle,psychic,,490,70,55,95,95,110,65,5,0
577,Solosis,psychic,,290,45,30,40,105,50,20,5,0
578,Duosion,psychic,,370,65,40,50,125,60,30,5,0
579,Reuniclus,psychic,,490,110,65,75,125,85,30,5,0
580,Ducklett,water,flying,305,62,44,50,44,50,55,5,0
581,Swanna,water,flying,473,75,87,63,87,63,98,5,0
582,Vanillite,ice,,305,36,50,50,65,60,44,5,0
583,Vanillish,ice,,395,51,65,65,80,75,59,5,0
584,Vanilluxe,ice,,535,71,95,85,110,95,79,5,0
585,Deerling,normal,grass,335,60,60,50,40,50,75,5,0
586,Sawsbuck,normal,grass,475,80,100,70,60,70,95,5,0
587,Emolga,electric,flying,428,55,75,60,75,60,103,5,0
588,Karrablast,bug,,315,50,75,45,40,45,60,5,0
589,Escavalier,bug,steel,495,70,135,105,60,105,20,5,0
590,Foongus,grass,poison,294,69,55,45,55,55,15,5,0
591,Amoonguss,grass,poison,464,114,85,70,85,80,30,5,0
592,Frillish,water,ghost,335,55,40,50,65,85,40,5,0
593,Jellicent,water,ghost,480,100,60,70,85,105,60,5,0
594,Alomomola,water,,470,165,75,80,40,45,65,5,0
595,Joltik,bug,electric,319,50,47,50,57,50,65,5,0
596,Galvantula,bug,electric,472,70,77,60,97,60,108,5,0
597,Ferroseed,grass,steel,305,44,50,91,24,86,10,5,0
598,Ferrothorn,grass,steel,489,74,94,131,54,116,20,5,0
599,Klink,steel,,300,40,55,70,45,60,30,5,0
600,Klang,steel,,440,60,80,95,70,85,50,5,0
601,Klinklang,steel,,520,60,100,115,70,85,90,5,0
602,Tynamo,electric,,275,35,55,40,45,40,60,5,0
603,Eelektrik,electric,,405,65,85,70,75,70,40,5,0
604,Eelektross,electric,,515,85,115,80,105,80,50,5,0
605,Elgyem,psychic,,335,55,55,55,85,55,30,5,0
606,Beheeyem,psychic,,485,75,75,75,125,95,40,5,0
607,Litwick,ghost,fire,275,50,30,55,65,55,20,5,0
608,Lampent,ghost,fire,370,60,40,60,95,60,55,5,0
609,Chandelure,ghost,fire,520,60,55,90,145,90,80,5,0
610,Axew,dragon,,320,46,87,60,30,40,57,5,0
611,Fraxure,dragon,,410,66,117,70,40,50,67,5,0
612,Haxorus,dragon,,540,76,147,90,60,70,97,5,0
613,Cubchoo,ice,,305,55,70,40,60,40,40,5,0
614,Beartic,ice,,505,95,130,80,70,80,50,5,0
615,Cryogonal,ice,,515,80,50,50,95,135,105,5,0
616,Shelmet,bug,,305,50,40,85,40,65,25,5,0
617,Accelgor,bug,,495,80,70,40,100,60,145,5,0
618,Stunfisk,ground,electric,471,109,66,84,81,99,32,5,0
619,Mienfoo,fighting,,350,45,85,50,55,50,65,5,0
620,Mienshao,fighting,,510,65,125,60,95,60,105,5,0
621,Druddigon,dragon,,485,77,120,90,60,90,48,5,0
622,Golett,ground,ghost,303,59,74,50,35,50,35,5,0
623,Golurk,ground,ghost,483,89,124,80,55,80,55,5,0
624,Pawniard,dark,steel,340,45,85,70,40,40,60,5,0
625,Bisharp,dark,steel,490,65,125,100,60,70,70,5,0
626,Bouffalant,normal,,490,95,110,95,40,95,55,5,0
627,Rufflet,normal,flying,350,70,83,50,37,50,60,5,0
628,Braviary,normal,flying,510,100,123,75,57,75,80,5,0
629,Vullaby,dark,flying,370,70,55,75,45,65,60,5,0
630,Mandibuzz,dark,flying,510,110,65,105,55,95,80,5,0
631,Heatmor,fire,,484,85,97,66,105,66,65,5,0
632,Durant,bug,steel,484,58,109,112,48,48,109,5,0
633,Deino,dark,dragon,300,52,65,50,45,50,38,5,0
634,Zweilous,dark,dragon,420,72,85,70,65,70,58,5,0
635,Hydreigon,dark,dragon,600,92,105,90,125,90,98,5,0
636,Larvesta,bug,fire,360,55,85,55,50,55,60,5,0
637,Volcarona,bug,fire,550,85,60,65,135,105,100,5,0
638,Cobalion,steel,fighting,580,91,90,129,90,72,108,5,1
639,Terrakion,rock,fighting,580,91,129,90,72,90,108,5,1
640,Virizion,grass,fighting,580,91,90,72,90,129,108,5,1
641,Tornadus,flying,,580,79,115,70,125,80,111,5,1
642,Thundurus,electric,flying,580,79,115,70,125,80,111,5,1
643,Reshiram,dragon,fire,680,100,120,100,150,120,90,5,0
644,Zekrom,dragon,electric,680,100,150,120,120,100,90,5,0
645,Landorus,ground,flying,600,89,125,90,115,80,101,5,1
646,Kyurem,dragon,ice,660,125,130,90,130,90,95,5,0
647,Keldeo,water,fighting,580,91,72,90,129,90,108,5,0
648,Meloetta,normal,psychic,600,100,77,77,128,128,90,5,0
649,Genesect,bug,steel,600,71,120,95,120,95,99,5,0
650,Chespin,grass,,313,56,61,65,48,45,38,6,0
651,Quilladin,grass,,405,61,78,95,56,58,57,6,0
652,Chesnaught,grass,fighting,530,88,107,122,74,75,64,6,0
653,Fennekin,fire,,307,40,45,40,62,60,60,6,0
654,Braixen,fire,,409,59,59,58,90,70,73,6,0
655,Delphox,fire,psychic,534,75,69,72,114,100,104,6,0
656,Froakie,water,,314,41,56,40,62,44,71,6,0
657,Frogadier,water,,405,54,63,52,83,56,97,6,0
658,Greninja,water,dark,530,72,95,67,103,71,122,6,0
659,Bunnelby,normal,,237,38,36,38,32,36,57,6,0
660,Diggersby,normal,ground,423,85,56,77,50,77,78,6,0
661,Fletchling,normal,flying,278,45,50,43,40,38,62,6,0
662,Fletchinder,fire,flying,382,62,73,55,56,52,84,6,0
663,Talonflame,fire,flying,499,78,81,71,74,69,126,6,0
664,Scatterbug,bug,,200,38,35,40,27,25,35,6,0
665,Spewpa,bug,,213,45,22,60,27,30,29,6,0
666,Vivillon,bug,flying,411,80,52,50,90,50,89,6,0
667,Litleo,fire,normal,369,62,50,58,73,54,72,6,0
668,Pyroar,fire,normal,507,86,68,72,109,66,106,6,0
669,Flabébé,fairy,,303,44,38,39,61,79,42,6,0
670,Floette,fairy,,371,54,45,47,75,98,52,6,0
671,Florges,fairy,,552,78,65,68,112,154,75,6,0
672,Skiddo,grass,,350,66,65,48,62,57,52,6,0
673,Gogoat,grass,,531,123,100,62,97,81,68,6,0
674,Pancham,fighting,,348,67,82,62,46,48,43,6,0
675,Pangoro,fighting,dark,495,95,124,78,69,71,58,6,0
676,Furfrou,normal,,472,75,80,60,65,90,102,6,0
677,Espurr,psychic,,355,62,48,54,63,60,68,6,0
678,Meowstic,psychic,,466,74,48,76,83,81,104,6,0
679,Honedge,steel,ghost,325,45,80,100,35,37,28,6,0
680,Doublade,steel,ghost,448,59,110,150,45,49,35,6,0
681,Aegislash,steel,ghost,500,60,50,140,50,140,60,6,0
682,Spritzee,fairy,,341,78,52,60,63,65,23,6,0
683,Aromatisse,fairy,,462,101,72,72,99,89,29,6,0
684,Swirlix,fairy,,341,62,48,66,59,57,49,6,0
685,Slurpuff,fairy,,480,82,80,86,85,75,72,6,0
686,Inkay,dark,psychic,288,53,54,53,37,46,45,6,0
687,Malamar,dark,psychic,482,86,92,88,68,75,73,6,0
688,Binacle,rock,water,306,42,52,67,39,56,50,6,0
689,Barbaracle,rock,water,500,72,105,115,54,86,68,6,0
690,Skrelp,poison,water,320,50,60,60,60,60,30,6,0
691,Dragalge,poison,dragon,494,65,75,90,97,123,44,6,0
692,Clauncher,water,,330,50,53,62,58,63,44,6,0
693,Clawitzer,water,,500,71,73,88,120,89,59,6,0
694,Helioptile,electric,normal,289,44,38,33,61,43,70,6,0
695,Heliolisk,electric,normal,481,62,55,52,109,94,109,6,0
696,Tyrunt,rock,dragon,362,58,89,77,45,45,48,6,0
697,Tyrantrum,rock,dragon,521,82,121,119,69,59,71,6,0
698,Amaura,rock,ice,362,77,59,50,67,63,46,6,0
699,Aurorus,rock,ice,521,123,77,72,99,92,58,6,0
700,Sylveon,fairy,,525,95,65,65,110,130,60,6,0
701,Hawlucha,fighting,flying,500,78,92,75,74,63,118,6,0
702,Dedenne,electric,fairy,431,67,58,57,81,67,101,6,0
703,Carbink,rock,fairy,500,50,50,150,50,150,50,6,0
704,Goomy,dragon,,300,45,50,35,55,75,40,6,0
705,Sliggoo,dragon,,452,68,75,53,83,113,60,6,0
706,Goodra,dragon,,600,90,100,70,110,150,80,6,0
707,Klefki,steel,fairy,470,57,80,91,80,87,75,6,0
708,Phantump,ghost,grass,309,43,70,48,50,60,38,6,0
709,Trevenant,ghost,grass,474,85,110,76,65,82,56,6,0
710,Pumpkaboo,ghost,grass,335,49,66,70,44,55,51,6,0
711,Gourgeist,ghost,grass,494,65,90,122,58,75,84,6,0
712,Bergmite,ice,,304,55,69,85,32,35,28,6,0
713,Avalugg,ice,,514,95,117,184,44,46,28,6,0
714,Noibat,flying,dragon,245,40,30,35,45,40,55,6,0
715,Noivern,flying,dragon,535,85,70,80,97,80,123,6,0
716,Xerneas,fairy,,680,126,131,95,131,98,99,6,0
717,Yveltal,dark,flying,680,126,131,95,131,98,99,6,0
718,Zygarde,dragon,ground,600,108,100,121,81,95,95,6,0
719,Diancie,rock,fairy,600,50,100,150,100,150,50,6,0
720,Hoopa,psychic,ghost,600,80,110,60,150,130,70,6,0
721,Volcanion,fire,water,600,80,110,120,130,90,70,6,0
722,Rowlet,grass,flying,320,68,55,55,50,50,42,7,0
723,Dartrix,grass,flying,420,78,75,75,70,70,52,7,0
724,Decidueye,grass,ghost,530,78,107,75,100,100,70,7,0
725,Litten,fire,,320,45,65,40,60,40,70,7,0
726,Torracat,fire,,420,65,85,50,80,50,90,7,0
727,Incineroar,fire,dark,530,95,115,90,80,90,60,7,0
728,Popplio,water,,320,50,54,54,66,56,40,7,0
729,Brionne,water,,420,60,69,69,91,81,50,7,0
730,Primarina,water,fairy,530,80,74,74,126,116,60,7,0
731,Pikipek,normal,flying,265,35,75,30,30,30,65,7,0
732,Trumbeak,normal,flying,355,55,85,50,40,50,75,7,0
733,Toucannon,normal,flying,485,80,120,75,75,75,60,7,0
734,Yungoos,normal,,253,48,70,30,30,30,45,7,0
735,Gumshoos,normal,,418,88,110,60,55,60,45,7,0
736,Grubbin,bug,,300,47,62,45,55,45,46,7,0
737,Charjabug,bug,electric,400,57,82,95,55,75,36,7,0
738,Vikavolt,bug,electric,500,77,70,90,145,75,43,7,0
739,Crabrawler,fighting,,338,47,82,57,42,47,63,7,0
740,Crabominable,fighting,ice,478,97,132,77,62,67,43,7,0
741,Oricorio,fire,flying,476,75,70,70,98,70,93,7,0
742,Cutiefly,bug,fairy,304,40,45,40,55,40,84,7,0
743,Ribombee,bug,fairy,464,60,55,60,95,70,124,7,0
744,Rockruff,rock,,280,45,65,40,30,40,60,7,0
745,Lycanroc,rock,,487,75,115,65,55,65,112,7,0
746,Wishiwashi,water,,175,45,20,20,25,25,40,7,0
747,Mareanie,poison,water,305,50,53,62,43,52,45,7,0
748,Toxapex,poison,water,495,50,63,152,53,142,35,7,0
749,Mudbray,ground,,385,70,100,70,45,55,45,7,0
750,Mudsdale,ground,,500,100,125,100,55,85,35,7,0
751,Dewpider,water,bug,269,38,40,52,40,72,27,7,0
752,Araquanid,water,bug,454,68,70,92,50,132,42,7,0
753,Fomantis,grass,,250,40,55,35,50,35,35,7,0
754,Lurantis,grass,,480,70,105,90,80,90,45,7,0
755,Morelull,grass,fairy,285,40,35,55,65,75,15,7,0
756,Shiinotic,grass,fairy,405,60,45,80,90,100,30,7,0
757,Salandit,poison,fire,320,48,44,40,71,40,77,7,0
758,Salazzle,poison,fire,480,68,64,60,111,60,117,7,0
759,Stufful,normal,fighting,340,70,75,50,45,50,50,7,0
760,Bewear,normal,fighting,500,120,125,80,55,60,60,7,0
761,Bounsweet,grass,,210,42,30,38,30,38,32,7,0
762,Steenee,grass,,290,52,40,48,40,48,62,7,0
763,Tsareena,grass,,510,72,120,98,50,98,72,7,0
764,Comfey,fairy,,485,51,52,90,82,110,100,7,0
765,Oranguru,normal,psychic,490,90,60,80,90,110,60,7,0
766,Passimian,fighting,,490,100,120,90,40,60,80,7,0
767,Wimpod,bug,water,230,25,35,40,20,30,80,7,0
768,Golisopod,bug,water,530,75,125,140,60,90,40,7,0
769,Sandygast,ghost,ground,320,55,55,80,70,45,15,7,0
770,Palossand,ghost,ground,480,85,75,110,100,75,35,7,0
771,Pyukumuku,water,,410,55,60,130,30,130,5,7,0
772,Type: Null,normal,,534,95,95,95,95,95,59,7,1
773,Silvally,normal,,570,95,95,95,95,95,95,7,1
774,Minior,rock,flying,440,60,60,100,60,100,60,7,0
775,Komala,normal,,480,65,115,65,75,95,65,7,0
776,Turtonator,fire,dragon,485,60,78,135,91,85,36,7,0
777,Togedemaru,electric,steel,435,65,98,63,40,73,96,7,0
778,Mimikyu,ghost,fairy,476,55,90,80,50,105,96,7,0
779,Bruxish,water,psychic,475,68,105,70,70,70,92,7,0
780,Drampa,normal,dragon,485,78,60,85,135,91,36,7,0
781,Dhelmise,ghost,grass,517,70,131,100,86,90,40,7,0
782,Jangmo-o,dragon,,300,45,55,65,45,45,45,7,0
783,Hakamo-o,dragon,fighting,420,55,75,90,65,70,65,7,0
784,Kommo-o,dragon,fighting,600,75,110,125,100,105,85,7,0
785,Tapu Koko,electric,fairy,570,70,115,85,95,75,130,7,1
786,Tapu Lele,psychic,fairy,570,70,85,75,130,115,95,7,1
787,Tapu Bulu,grass,fairy,570,70,130,115,85,95,75,7,1
788,Tapu Fini,water,fairy,570,70,75,115,95,130,85,7,1
789,Cosmog,psychic,,200,43,29,31,29,31,37,7,0
790,Cosmoem,psychic,,400,43,29,131,29,131,37,7,0
791,Solgaleo,psychic,steel,680,137,137,107,113,89,97,7,0
792,Lunala,psychic,ghost,680,137,113,89,137,107,97,7,0
793,Nihilego,rock,poison,570,109,53,47,127,131,103,7,1
794,Buzzwole,bug,fighting,570,107,139,139,53,53,79,7,1
795,Pheromosa,bug,fighting,570,71,137,37,137,37,151,7,1
796,Xurkitree,electric,,570,83,89,71,173,71,83,7,1
797,Celesteela,steel,flying,570,97,101,103,107,101,61,7,1
798,Kartana,grass,steel,570,59,181,131,59,31,109,7,1
799,Guzzlord,dark,dragon,570,223,101,53,97,53,43,7,1
800,Necrozma,psychic,psychic,600,97,107,101,127,89,79,7,0
801,Magearna,steel,fairy,600,80,95,115,130,115,65,7,0
802,Marshadow,fighting,ghost,600,90,125,80,90,90,125,7,0
803,Poipole,poison,,420,67,73,67,73,67,73,7,1
804,Naganadel,poison,dragon,540,73,73,73,127,73,121,7,1
805,Stakataka,rock,steel,570,61,131,211,53,101,13,7,1
806,Blacephalon,fire,ghost,570,53,127,53,151,79,107,7,1
807,Zeraora,electric,,600,88,112,75,102,80,143,7,0
808,Meltan,steel,,300,46,65,65,55,35,34,7,0
809,Melmetal,steel,,600,135,143,143,80,65,34,7,0
810,Grookey,grass,,310,50,65,50,40,40,65,8,0
811,Thwackey,grass,,420,70,85,70,55,60,80,8,0
812,Rillaboom,grass,,530,100,125,90,60,70,85,8,0
813,Scorbunny,fire,,310,50,71,40,40,40,69,8,0
814,Raboot,fire,,420,65,86,60,55,60,94,8,0
815,Cinderace,fire,,530,80,116,75,65,75,119,8,0
816,Sobble,water,,310,50,40,40,70,40,70,8,0
817,Drizzile,water,,420,65,60,55,95,55,90,8,0
818,Inteleon,water,,530,70,85,65,125,65,120,8,0
819,Skwovet,normal,,275,70,55,55,35,35,25,8,0
820,Greedent,normal,,460,120,95,95,55,75,20,8,0
821,Rookidee,flying,,245,38,47,35,33,35,57,8,0
822,Corvisquire,flying,,365,68,67,55,43,55,77,8,0
823,Corviknight,flying,steel,495,98,87,105,53,85,67,8,0
824,Blipbug,bug,,180,25,20,20,25,45,45,8,0
825,Dottler,bug,psychic,335,50,35,80,50,90,30,8,0
826,Orbeetle,bug,psychic,505,60,45,110,80,120,90,8,0
827,Nickit,dark,,245,40,28,28,47,52,50,8,0
828,Thievul,dark,,455,70,58,58,87,92,90,8,0
829,Gossifleur,grass,,250,40,40,60,40,60,10,8,0
830,Eldegoss,grass,,460,60,50,90,80,120,60,8,0
831,Wooloo,normal,,270,42,40,55,40,45,48,8,0
832,Dubwool,normal,,490,72,80,100,60,90,88,8,0
833,Chewtle,water,,284,50,64,50,38,38,44,8,0
834,Drednaw,water,rock,485,90,115,90,48,68,74,8,0
835,Yamper,electric,,270,59,45,50,40,50,26,8,0
836,Boltund,electric,,490,69,90,60,90,60,121,8,0
837,Rolycoly,rock,,240,30,40,50,40,50,30,8,0
838,Carkol,rock,fire,410,80,60,90,60,70,50,8,0
839,Coalossal,rock,fire,510,110,80,120,80,90,30,8,0
840,Applin,grass,dragon,260,40,40,80,40,40,20,8,0
841,Flapple,grass,dragon,485,70,110,80,95,60,70,8,0
842,Appletun,grass,dragon,485,110,85,80,100,80,30,8,0
843,Silicobra,ground,,315,52,57,75,35,50,46,8,0
844,Sandaconda,ground,,510,72,107,125,65,70,71,8,0
845,Cramorant,flying,water,475,70,85,55,85,95,85,8,0
846,Arrokuda,water,,280,41,63,40,40,30,66,8,0
847,Barraskewda,water,,490,61,123,60,60,50,136,8,0
848,Toxel,electric,poison,242,40,38,35,54,35,40,8,0
849,Toxtricity,electric,poison,502,75,98,70,114,70,75,8,0
850,Sizzlipede,fire,bug,305,50,65,45,50,50,45,8,0
851,Centiskorch,fire,bug,525,100,115,65,90,90,65,8,0
852,Clobbopus,fighting,,310,50,68,60,50,50,32,8,0
853,Grapploct,fighting,,480,80,118,90,70,80,42,8,0
854,Sinistea,ghost,,308,40,45,45,74,54,50,8,0
855,Polteageist,ghost,,508,60,65,65,134,114,70,8,0
856,Hatenna,psychic,,265,42,30,45,56,53,39,8,0
857,Hattrem,psychic,,370,57,40,65,86,73,49,8,0
858,Hatterene,psychic,fairy,510,57,90,95,136,103,29,8,0
859,Impidimp,dark,fairy,265,45,45,30,55,40,50,8,0
860,Morgrem,dark,fairy,370,65,60,45,75,55,70,8,0
861,Grimmsnarl,dark,fairy,510,95,120,65,95,75,60,8,0
862,Obstagoon,dark,normal,520,93,90,101,60,81,95,8,0
863,Perrserker,steel,,440,70,110,100,50,60,50,8,0
864,Cursola,ghost,,510,60,95,50,145,130,30,8,0
865,Sirfetch'd,fighting,,507,62,135,95,68,82,65,8,0
866,Mr. Rime,ice,psychic,520,80,85,75,110,100,70,8,0
867,Runerigus,ground,ghost,483,58,95,145,50,105,30,8,0
868,Milcery,fairy,,270,45,40,40,50,61,34,8,0
869,Alcremie,fairy,,495,65,60,75,110,121,64,8,0
870,Falinks,fighting,,470,65,100,100,70,60,75,8,0
871,Pincurchin,electric,,435,48,101,95,91,85,15,8,0
872,Snom,ice,bug,185,30,25,35,45,30,20,8,0
873,Frosmoth,ice,bug,475,70,65,60,125,90,65,8,0
874,Stonjourner,rock,,470,100,125,135,20,20,70,8,0
875,Eiscue,ice,,470,75,80,110,65,90,50,8,0
876,Indeedee,psychic,normal,475,60,65,55,105,95,95,8,0
877,Morpeko,electric,dark,436,58,95,58,70,58,97,8,0
878,Cufant,steel,,330,72,80,49,40,49,40,8,0
879,Copperajah,steel,,500,122,130,69,80,69,30,8,0
880,Dracozolt,electric,dragon,505,90,100,90,80,70,75,8,0
881,Arctozolt,electric,ice,505,90,100,90,90,80,55,8,0
882,Dracovish,water,dragon,505,90,90,100,70,80,75,8,0
883,Arctovish,water,ice,505,90,90,100,80,90,55,8,0
884,Duraludon,steel,dragon,535,70,95,115,120,50,85,8,0
885,Dreepy,dragon,ghost,270,28,60,30,40,30,82,8,0
886,Drakloak,dragon,ghost,410,68,80,50,60,50,102,8,0
887,Dragapult,dragon,ghost,600,88,120,75,100,75,142,8,0
888,Zacian,fairy,fairy,670,92,130,115,80,115,138,8,0
889,Zamazenta,fighting,fighting,670,92,130,115,80,115,138,8,0
890,Eternatus,poison,dragon,690,140,85,95,145,95,130,8,0
891,Kubfu,fighting,,385,60,90,60,53,50,72,8,1
892,Urshifu,fighting,dark,550,100,130,100,63,60,97,8,1
893,Zarude,dark,grass,600,105,120,105,70,95,105,8,0
894,Regieleki,electric,,580,80,100,50,100,50,200,8,1
895,Regidrago,dragon,,580,200,100,50,100,50,80,8,1
896,Glastrier,ice,,580,100,145,130,65,110,30,8,1
897,Spectrier,ghost,,580,100,65,60,145,80,130,8,0
898,Calyrex,psychic,grass,500,100,80,80,80,80,80,8,0
